スラッグ,タイトル,URL
adv/ba.php,,https://www.city.iida.lg.jp/adv/ba.php
calendar,カレンダーでさがす - 飯田市ホームページ,https://www.city.iida.lg.jp/calendar/
life,分類でさがす - 飯田市ホームページ,https://www.city.iida.lg.jp/life/
life/2,くらしの情報 - 飯田市ホームページ,https://www.city.iida.lg.jp/life/2/
life/2/10,消費生活情報 - 飯田市ホームページ,https://www.city.iida.lg.jp/life/2/10/
life/2/11,教育 - 飯田市ホームページ,https://www.city.iida.lg.jp/life/2/11/
life/2/12,自然・環境 - 飯田市ホームページ,https://www.city.iida.lg.jp/life/2/12/
life/2/12/259,公衆衛生 - 飯田市ホームページ,https://www.city.iida.lg.jp/life/2/12/259/
life/2/12/64,ごみ・リサイクル - 飯田市ホームページ,https://www.city.iida.lg.jp/life/2/12/64/
life/2/12/65,地球温暖化・省エネルギー - 飯田市ホームページ,https://www.city.iida.lg.jp/life/2/12/65/
life/2/12/66,環境保全・公害 - 飯田市ホームページ,https://www.city.iida.lg.jp/life/2/12/66/
life/2/12/index-2.html,自然・環境 - 飯田市ホームページ,https://www.city.iida.lg.jp/life/2/12/index-2.html
life/2/13,地域活動 - 飯田市ホームページ,https://www.city.iida.lg.jp/life/2/13/
life/2/14,施設案内 - 飯田市ホームページ,https://www.city.iida.lg.jp/life/2/14/
life/2/2,ライフステージ - 飯田市ホームページ,https://www.city.iida.lg.jp/life/2/2/
life/2/26,人権・男女共同参画・多文化共生 - 飯田市ホームページ,https://www.city.iida.lg.jp/life/2/26/
life/2/3,戸籍・住民票 - 飯田市ホームページ,https://www.city.iida.lg.jp/life/2/3/
life/2/4,税・保険・国民年金 - 飯田市ホームページ,https://www.city.iida.lg.jp/life/2/4/
life/2/5,健康・医療・生活 - 飯田市ホームページ,https://www.city.iida.lg.jp/life/2/5/
life/2/6,福祉・介護 - 飯田市ホームページ,https://www.city.iida.lg.jp/life/2/6/
life/2/6/31,障がい - 飯田市ホームページ,https://www.city.iida.lg.jp/life/2/6/31/
life/2/6/32,高齢者 - 飯田市ホームページ,https://www.city.iida.lg.jp/life/2/6/32/
life/2/6/33,子育て支援 - 飯田市ホームページ,https://www.city.iida.lg.jp/life/2/6/33/
life/2/6/34,生活保護 - 飯田市ホームページ,https://www.city.iida.lg.jp/life/2/6/34/
life/2/6/35,出産・育児 - 飯田市ホームページ,https://www.city.iida.lg.jp/life/2/6/35/
life/2/6/36,民生委員・児童委員 - 飯田市ホームページ,https://www.city.iida.lg.jp/life/2/6/36/
life/2/6/index-2.html,福祉・介護 - 飯田市ホームページ,https://www.city.iida.lg.jp/life/2/6/index-2.html
life/2/7,住宅・交通・上下水道 - 飯田市ホームページ,https://www.city.iida.lg.jp/life/2/7/
life/2/8,情報化・通信 - 飯田市ホームページ,https://www.city.iida.lg.jp/life/2/8/
life/2/9,防災・防犯 - 飯田市ホームページ,https://www.city.iida.lg.jp/life/2/9/
life/3,イベント情報 - 飯田市ホームページ,https://www.city.iida.lg.jp/life/3/
life/3/16,イベント情報 - 飯田市ホームページ,https://www.city.iida.lg.jp/life/3/16/
life/3/16/207,各種大会・シンポジウム・フォーラム・講演会等 - 飯田市ホームページ,https://www.city.iida.lg.jp/life/3/16/207/
life/3/16/208,スポーツイベント - 飯田市ホームページ,https://www.city.iida.lg.jp/life/3/16/208/
life/3/16/209,学級・講座・教室 - 飯田市ホームページ,https://www.city.iida.lg.jp/life/3/16/209/
life/3/16/210,観劇・コンサート・展示会 - 飯田市ホームページ,https://www.city.iida.lg.jp/life/3/16/210/
life/3/16/213,会議・説明会・その他 - 飯田市ホームページ,https://www.city.iida.lg.jp/life/3/16/213/
life/3/16/231,フェア・キャンペーン - 飯田市ホームページ,https://www.city.iida.lg.jp/life/3/16/231/
life/3/16/241,テレビ番組 - 飯田市ホームページ,https://www.city.iida.lg.jp/life/3/16/241/
life/3/16/257,これからのイベント情報 - 飯田市ホームページ,https://www.city.iida.lg.jp/life/3/16/257/
life/3/16/83,祭り・文化イベント - 飯田市ホームページ,https://www.city.iida.lg.jp/life/3/16/83/
life/4,事業者向け情報 - 飯田市ホームページ,https://www.city.iida.lg.jp/life/4/
life/4/17,入札・工事 - 飯田市ホームページ,https://www.city.iida.lg.jp/life/4/17/
life/4/17/226,申請（入札関係） - 飯田市ホームページ,https://www.city.iida.lg.jp/life/4/17/226/
life/4/17/84,制度・要綱 - 飯田市ホームページ,https://www.city.iida.lg.jp/life/4/17/84/
life/4/17/85,入札・契約情報 - 飯田市ホームページ,https://www.city.iida.lg.jp/life/4/17/85/
life/4/17/86,申請（工事関係） - 飯田市ホームページ,https://www.city.iida.lg.jp/life/4/17/86/
life/4/18,産業 - 飯田市ホームページ,https://www.city.iida.lg.jp/life/4/18/
life/4/18/217,起業者・事業者向けの補助制度・助成制度・融資制度 - 飯田市ホームページ,https://www.city.iida.lg.jp/life/4/18/217/
life/4/18/230,福祉関係 - 飯田市ホームページ,https://www.city.iida.lg.jp/life/4/18/230/
life/4/18/232,広告募集 - 飯田市ホームページ,https://www.city.iida.lg.jp/life/4/18/232/
life/4/18/87,農林水産業 - 飯田市ホームページ,https://www.city.iida.lg.jp/life/4/18/87/
life/4/18/88,商工業・サービス業 - 飯田市ホームページ,https://www.city.iida.lg.jp/life/4/18/88/
life/4/18/89,建設・開発 - 飯田市ホームページ,https://www.city.iida.lg.jp/life/4/18/89/
life/4/18/90,税金（事業者） - 飯田市ホームページ,https://www.city.iida.lg.jp/life/4/18/90/
life/4/18/91,就労支援 - 飯田市ホームページ,https://www.city.iida.lg.jp/life/4/18/91/
life/4/18/92,産業振興 - 飯田市ホームページ,https://www.city.iida.lg.jp/life/4/18/92/
life/4/18/93,講座・人材育成 - 飯田市ホームページ,https://www.city.iida.lg.jp/life/4/18/93/
life/4/18/index-2.html,産業 - 飯田市ホームページ,https://www.city.iida.lg.jp/life/4/18/index-2.html
life/4/index-2.html,事業者向け情報 - 飯田市ホームページ,https://www.city.iida.lg.jp/life/4/index-2.html
life/5,市政情報 - 飯田市ホームページ,https://www.city.iida.lg.jp/life/5/
life/5/19,市政 - 飯田市ホームページ,https://www.city.iida.lg.jp/life/5/19/
life/5/19/244,プレスリリース - 飯田市ホームページ,https://www.city.iida.lg.jp/life/5/19/244/
life/5/19/94,各種計画 - 飯田市ホームページ,https://www.city.iida.lg.jp/life/5/19/94/
life/5/20,まちづくり - 飯田市ホームページ,https://www.city.iida.lg.jp/life/5/20/
life/5/21,市のプロフィール - 飯田市ホームページ,https://www.city.iida.lg.jp/life/5/21/
life/5/22,市役所と市議会の概要 - 飯田市ホームページ,https://www.city.iida.lg.jp/life/5/22/
life/5/22/116,庁舎案内 - 飯田市ホームページ,https://www.city.iida.lg.jp/life/5/22/116/
life/5/22/117,市議会 - 飯田市ホームページ,https://www.city.iida.lg.jp/life/5/22/117/
life/5/25,やらまいか提言 - 飯田市ホームページ,https://www.city.iida.lg.jp/life/5/25/
life/5/30,パブリックコメント - 飯田市ホームページ,https://www.city.iida.lg.jp/life/5/30/
life/5/31,広報いいだ - 飯田市ホームページ,https://www.city.iida.lg.jp/life/5/31/
life/5/31/192,「広報いいだ」バックナンバー - 飯田市ホームページ,https://www.city.iida.lg.jp/life/5/31/192/
life/5/32,各種情報紙バックナンバー - 飯田市ホームページ,https://www.city.iida.lg.jp/life/5/32/
life/5/32/196,広報いいだ - 飯田市ホームページ,https://www.city.iida.lg.jp/life/5/32/196/
life/5/32/197,いいだ市議会だより - 飯田市ホームページ,https://www.city.iida.lg.jp/life/5/32/197/
life/5/32/202,市立病院ニュース - 飯田市ホームページ,https://www.city.iida.lg.jp/life/5/32/202/
life/5/32/238,ぐるみ通信 - 飯田市ホームページ,https://www.city.iida.lg.jp/life/5/32/238/
life/5/38,市が発行した刊行物 - 飯田市ホームページ,https://www.city.iida.lg.jp/life/5/38/
life/5/39,庁議記録 - 飯田市ホームページ,https://www.city.iida.lg.jp/life/5/39/
life/sub/17,注目情報 - 飯田市ホームページ,https://www.city.iida.lg.jp/life/sub/17/
life/sub/2,よくある質問 - 飯田市ホームページ,https://www.city.iida.lg.jp/life/sub/2/
life/sub/2/11,教育 - 飯田市ホームページ,https://www.city.iida.lg.jp/life/sub/2/11
life/sub/2/12,自然・環境 - 飯田市ホームページ,https://www.city.iida.lg.jp/life/sub/2/12
life/sub/2/13,地域活動 - 飯田市ホームページ,https://www.city.iida.lg.jp/life/sub/2/13
life/sub/2/14,施設案内 - 飯田市ホームページ,https://www.city.iida.lg.jp/life/sub/2/14
life/sub/2/17,入札・工事 - 飯田市ホームページ,https://www.city.iida.lg.jp/life/sub/2/17
life/sub/2/18,産業 - 飯田市ホームページ,https://www.city.iida.lg.jp/life/sub/2/18
life/sub/2/2,ライフステージ - 飯田市ホームページ,https://www.city.iida.lg.jp/life/sub/2/2
life/sub/2/20,まちづくり - 飯田市ホームページ,https://www.city.iida.lg.jp/life/sub/2/20
life/sub/2/21,市のプロフィール - 飯田市ホームページ,https://www.city.iida.lg.jp/life/sub/2/21
life/sub/2/22,市役所と市議会の概要 - 飯田市ホームページ,https://www.city.iida.lg.jp/life/sub/2/22
life/sub/2/22/116,庁舎案内 - 飯田市ホームページ,https://www.city.iida.lg.jp/life/sub/2/22/116/
life/sub/2/3,戸籍・住民票 - 飯田市ホームページ,https://www.city.iida.lg.jp/life/sub/2/3
life/sub/2/4,税・保険・国民年金 - 飯田市ホームページ,https://www.city.iida.lg.jp/life/sub/2/4
life/sub/2/5,健康・医療・生活 - 飯田市ホームページ,https://www.city.iida.lg.jp/life/sub/2/5
life/sub/2/6,福祉・介護 - 飯田市ホームページ,https://www.city.iida.lg.jp/life/sub/2/6
life/sub/2/7,住宅・交通・上下水道 - 飯田市ホームページ,https://www.city.iida.lg.jp/life/sub/2/7
life/sub/2/9,防災・防犯 - 飯田市ホームページ,https://www.city.iida.lg.jp/life/sub/2/9
life/sub/2/index-2.html,よくある質問 - 飯田市ホームページ,https://www.city.iida.lg.jp/life/sub/2/index-2.html
life/sub/3/16/208,スポーツイベント - 飯田市ホームページ,https://www.city.iida.lg.jp/life/sub/3/16/208/
ques,アンケート一覧 - 飯田市ホームページ,https://www.city.iida.lg.jp/ques/
site/2050iida-zcc,いいだゼロカーボンシティ特設サイト - 飯田市ホームページ,https://www.city.iida.lg.jp/site/2050iida-zcc/
site/2050iida-zcc/co2-mieruka.html,多くの方に「うごくるB。CO2排出量みえる化プログラム」をご利用いただいています！ - 2050年いいだゼロカーボンシティ特設サイト - 飯田市ホームページ,https://www.city.iida.lg.jp/site/2050iida-zcc/co2-mieruka.html
site/2050iida-zcc/gurumituushinbacknumber.html,ぐるみ通信バックナンバー - 2050年いいだゼロカーボンシティ特設サイト - 飯田市ホームページ,https://www.city.iida.lg.jp/site/2050iida-zcc/gurumituushinbacknumber.html
site/2050iida-zcc/kouza-koushihaken-shisathu.html,出前講座・講師派遣・視察等のご案内 - 2050年いいだゼロカーボンシティ特設サイト - 飯田市ホームページ,https://www.city.iida.lg.jp/site/2050iida-zcc/kouza-koushihaken-shisathu.html
site/2050iida-zcc/ugokuru-partnership.html,うごくるB。脱炭素パートナーを募集中です！ - 2050年いいだゼロカーボンシティ特設サイト - 飯田市ホームページ,https://www.city.iida.lg.jp/site/2050iida-zcc/ugokuru-partnership.html
site/assembly,ようこそ　飯田市議会ホームページへ - 飯田市ホームページ,https://www.city.iida.lg.jp/site/assembly/
site/assembly/150317boutyou.html,傍聴方法についてお知らせします - 飯田市ホームページ,https://www.city.iida.lg.jp/site/assembly/150317boutyou.html
site/assembly/demaekouza.html,議会出前講座 - 飯田市ホームページ,https://www.city.iida.lg.jp/site/assembly/demaekouza.html
site/assembly/giin.html,飯田市議会議員を紹介します - 飯田市ホームページ,https://www.city.iida.lg.jp/site/assembly/giin.html
site/assembly/gikaikousei.html,飯田市議会議員委員会別名簿について - 飯田市ホームページ,https://www.city.iida.lg.jp/site/assembly/gikaikousei.html
site/assembly/gisekijyun.html,飯田市議会議員名簿（連絡先）について - 飯田市ホームページ,https://www.city.iida.lg.jp/site/assembly/gisekijyun.html
site/assembly/gityouaisatuhenshuu.html,議長挨拶 - 飯田市ホームページ,https://www.city.iida.lg.jp/site/assembly/gityouaisatuhenshuu.html
site/assembly/housyuu.html,議員報酬等の額についてお知らせします - 飯田市ホームページ,https://www.city.iida.lg.jp/site/assembly/housyuu.html
site/assembly/jitikihonn01.html,飯田市自治基本条例のあらまし - 飯田市ホームページ,https://www.city.iida.lg.jp/site/assembly/jitikihonn01.html
site/assembly/kaihabetumeibo.html,飯田市議会議員会派別名簿について - 飯田市ホームページ,https://www.city.iida.lg.jp/site/assembly/kaihabetumeibo.html
site/assembly/list189-570.html,歴代正副議長 - 飯田市議会 - 飯田市ホームページ,https://www.city.iida.lg.jp/site/assembly/list189-570.html
site/assembly/list189-634.html,議長記者会見 - 飯田市議会 - 飯田市ホームページ,https://www.city.iida.lg.jp/site/assembly/list189-634.html
site/assembly/list191-576.html,わがまちの“憲法”を考える市民会議記録 - 飯田市議会 - 飯田市ホームページ,https://www.city.iida.lg.jp/site/assembly/list191-576.html
site/assembly/list192-577.html,会議の種類・流れ - 飯田市議会 - 飯田市ホームページ,https://www.city.iida.lg.jp/site/assembly/list192-577.html
site/assembly/list192-580.html,議会の予算・決算 - 飯田市議会 - 飯田市ホームページ,https://www.city.iida.lg.jp/site/assembly/list192-580.html
site/assembly/list192-581.html,飯田市議会要覧 - 飯田市議会 - 飯田市ホームページ,https://www.city.iida.lg.jp/site/assembly/list192-581.html
site/assembly/list193-582.html,会議の開催予定及び会期日程 - 飯田市議会 - 飯田市ホームページ,https://www.city.iida.lg.jp/site/assembly/list193-582.html
site/assembly/list193-583.html,提出された議案及び審議結果 - 飯田市議会 - 飯田市ホームページ,https://www.city.iida.lg.jp/site/assembly/list193-583.html
site/assembly/list193-585.html,可決した意見書、決議 - 飯田市議会 - 飯田市ホームページ,https://www.city.iida.lg.jp/site/assembly/list193-585.html
site/assembly/list193-586.html,議会からの提言、提案 - 飯田市議会 - 飯田市ホームページ,https://www.city.iida.lg.jp/site/assembly/list193-586.html
site/assembly/list193-587.html,一般質問・代表質問一覧 - 飯田市議会 - 飯田市ホームページ,https://www.city.iida.lg.jp/site/assembly/list193-587.html
site/assembly/list194-588.html,閲覧にあたって - 飯田市議会 - 飯田市ホームページ,https://www.city.iida.lg.jp/site/assembly/list194-588.html
site/assembly/list195-1100.html,予算決算委員会活動報告 - 飯田市議会 - 飯田市ホームページ,https://www.city.iida.lg.jp/site/assembly/list195-1100.html
site/assembly/list195-1248.html,常任委員会の開催について - 飯田市議会 - 飯田市ホームページ,https://www.city.iida.lg.jp/site/assembly/list195-1248.html
site/assembly/list195-591.html,委員会行政視察報告 - 飯田市議会 - 飯田市ホームページ,https://www.city.iida.lg.jp/site/assembly/list195-591.html
site/assembly/list195-592.html,議会による行政評価 - 飯田市議会 - 飯田市ホームページ,https://www.city.iida.lg.jp/site/assembly/list195-592.html
site/assembly/list195-942.html,総務委員会活動報告 - 飯田市議会 - 飯田市ホームページ,https://www.city.iida.lg.jp/site/assembly/list195-942.html
site/assembly/list195-943.html,社会文教委員会活動報告 - 飯田市議会 - 飯田市ホームページ,https://www.city.iida.lg.jp/site/assembly/list195-943.html
site/assembly/list196-1250.html,特別委員会の開催について - 飯田市議会 - 飯田市ホームページ,https://www.city.iida.lg.jp/site/assembly/list196-1250.html
site/assembly/list196-593.html,リニア推進特別委員会 - 飯田市議会 - 飯田市ホームページ,https://www.city.iida.lg.jp/site/assembly/list196-593.html
site/assembly/list197-595.html,いいだ市議会だより - 飯田市議会 - 飯田市ホームページ,https://www.city.iida.lg.jp/site/assembly/list197-595.html
site/assembly/list197-596.html,議会報告・意見交換会 - 飯田市議会 - 飯田市ホームページ,https://www.city.iida.lg.jp/site/assembly/list197-596.html
site/assembly/list197-597.html,広報広聴委員会 - 飯田市議会 - 飯田市ホームページ,https://www.city.iida.lg.jp/site/assembly/list197-597.html
site/assembly/list198-1450.html,地方議会評価モデル - 飯田市議会 - 飯田市ホームページ,https://www.city.iida.lg.jp/site/assembly/list198-1450.html
site/assembly/list198-599.html,議会改革に関する検討結果 - 飯田市議会 - 飯田市ホームページ,https://www.city.iida.lg.jp/site/assembly/list198-599.html
site/assembly/list198-600.html,議会改革推進会議 - 飯田市議会 - 飯田市ホームページ,https://www.city.iida.lg.jp/site/assembly/list198-600.html
site/assembly/list199-602.html,政務調査研究報告 - 飯田市議会 - 飯田市ホームページ,https://www.city.iida.lg.jp/site/assembly/list199-602.html
site/assembly/list199-603.html,政務活動費予算・収支報告 - 飯田市議会 - 飯田市ホームページ,https://www.city.iida.lg.jp/site/assembly/list199-603.html
site/assembly/list200-584.html,請願・陳情審議結果 - 飯田市議会 - 飯田市ホームページ,https://www.city.iida.lg.jp/site/assembly/list200-584.html
site/assembly/list200-604.html,提出された請願・陳情 - 飯田市議会 - 飯田市ホームページ,https://www.city.iida.lg.jp/site/assembly/list200-604.html
site/assembly/list201-608.html,傍聴実績 - 飯田市議会 - 飯田市ホームページ,https://www.city.iida.lg.jp/site/assembly/list201-608.html
site/assembly/list202-610.html,視察の受け入れ実績 - 飯田市議会 - 飯田市ホームページ,https://www.city.iida.lg.jp/site/assembly/list202-610.html
site/assembly/list203-891.html,議会事務局からのお知らせ - 飯田市議会 - 飯田市ホームページ,https://www.city.iida.lg.jp/site/assembly/list203-891.html
site/assembly/list221-700.html,全員協議会の開催について - 飯田市議会 - 飯田市ホームページ,https://www.city.iida.lg.jp/site/assembly/list221-700.html
site/assembly/list221-701.html,全員協議会開催報告 - 飯田市議会 - 飯田市ホームページ,https://www.city.iida.lg.jp/site/assembly/list221-701.html
site/assembly/list222-699.html,委員会活動報告 - 飯田市議会 - 飯田市ホームページ,https://www.city.iida.lg.jp/site/assembly/list222-699.html
site/assembly/list242-763.html,政策討論会 - 飯田市議会 - 飯田市ホームページ,https://www.city.iida.lg.jp/site/assembly/list242-763.html
site/assembly/list243-765.html,政策的条例の提案について - 飯田市議会 - 飯田市ホームページ,https://www.city.iida.lg.jp/site/assembly/list243-765.html
site/assembly/list243-766.html,議会・議員に関する条例の提案について - 飯田市議会 - 飯田市ホームページ,https://www.city.iida.lg.jp/site/assembly/list243-766.html
site/assembly/list266-851.html,議会議案検討委員会 - 飯田市議会 - 飯田市ホームページ,https://www.city.iida.lg.jp/site/assembly/list266-851.html
site/assembly/list266-864.html,次期総合計画検討委員会 - 飯田市議会 - 飯田市ホームページ,https://www.city.iida.lg.jp/site/assembly/list266-864.html
site/assembly/list293-1016.html,市制施行80周年記念事業 - 飯田市議会 - 飯田市ホームページ,https://www.city.iida.lg.jp/site/assembly/list293-1016.html
site/assembly/list363-1218.html,議会の各種プロジェクト - 飯田市議会 - 飯田市ホームページ,https://www.city.iida.lg.jp/site/assembly/list363-1218.html
site/assembly/list394-1308.html,議会へのご意見 - 飯田市議会 - 飯田市ホームページ,https://www.city.iida.lg.jp/site/assembly/list394-1308.html
site/assembly/list395-1309.html,災害と向き合える議会 - 飯田市議会 - 飯田市ホームページ,https://www.city.iida.lg.jp/site/assembly/list395-1309.html
site/assembly/nethaishin202002.html,委員会インターネット配信 - 飯田市ホームページ,https://www.city.iida.lg.jp/site/assembly/nethaishin202002.html
site/assembly/seigankisairei.html,請願書（陳情書）の記載例 - 飯田市ホームページ,https://www.city.iida.lg.jp/site/assembly/seigankisairei.html
site/assembly/seiganntetuduk02.html,飯田市議会への請願・陳情の手続について - 飯田市ホームページ,https://www.city.iida.lg.jp/site/assembly/seiganntetuduk02.html
site/assembly/seimucyousa2026.html,令和7年度　政務調査研究報告会（後期）を開催します - 飯田市ホームページ,https://www.city.iida.lg.jp/site/assembly/seimucyousa2026.html
site/assembly/seimutyousahi02.html,政務活動費について - 飯田市ホームページ,https://www.city.iida.lg.jp/site/assembly/seimutyousahi02.html
site/assembly/sisatukeire2025.html,行政視察の受入れについて - 飯田市ホームページ,https://www.city.iida.lg.jp/site/assembly/sisatukeire2025.html
site/assembly/tokubetu2606.html,飯田市議会特別委員会設置状況 - 飯田市ホームページ,https://www.city.iida.lg.jp/site/assembly/tokubetu2606.html
site/assembly/zenkyo080323.html,令和8年3月23日　全員協議会を開催します - 飯田市ホームページ,https://www.city.iida.lg.jp/site/assembly/zenkyo080323.html
site/gomi,ごみの出し方について - 飯田市ホームページ,https://www.city.iida.lg.jp/site/gomi/
site/gomi/gomi-sodai.html,粗大ごみの戸別収集 - 飯田市ホームページ,https://www.city.iida.lg.jp/site/gomi/gomi-sodai.html
site/gomi/jigyoukeihaikibutsu.html,事業所や事業活動で出たごみの処分 - 飯田市ホームページ,https://www.city.iida.lg.jp/site/gomi/jigyoukeihaikibutsu.html
site/gomi/jyudenshiki.html,バッテリー・充電式家電はごみ箱に捨てないで！ - 飯田市ホームページ,https://www.city.iida.lg.jp/site/gomi/jyudenshiki.html
site/gomi/kamigomi.html,小さな紙ごみをリサイクル！〜紙ごみ分別啓発袋を配布しています〜 - 飯田市ホームページ,https://www.city.iida.lg.jp/site/gomi/kamigomi.html
site/gomi/oosouji.html,大掃除の片付けごみについて - 飯田市ホームページ,https://www.city.iida.lg.jp/site/gomi/oosouji.html
site/gomi/re-kamigomi.html,【ごみのゆくえ】紙ごみは何に生まれ変わるの？ - 飯田市ホームページ,https://www.city.iida.lg.jp/site/gomi/re-kamigomi.html
site/iida-linear/linear-future-vision.html,「リニアの整備効果を地域振興に活かすビジョン（案）」を具現化する「まちの未来図（案）たたき台」 - 飯田市ホームページ,https://www.city.iida.lg.jp/site/iida-linear/linear-future-vision.html
site/iida-linear/linearroadmap.html,2026年度版リニア推進ロードマップ - 飯田市ホームページ,https://www.city.iida.lg.jp/site/iida-linear/linearroadmap.html
site/jobcafe/iidasaposute.html,いいだ若者サポートステーション　保護者対象就労相談会 - 飯田市ホームページ,https://www.city.iida.lg.jp/site/jobcafe/iidasaposute.html
site/jobcafe/jobcafe001.html,ジョブカフェいいだ　就活個別相談のお知らせ - 飯田市ホームページ,https://www.city.iida.lg.jp/site/jobcafe/jobcafe001.html
site/jobcafe/jobcafeginza.html,【東京】長野県への就職支援窓口があります - 飯田市ホームページ,https://www.city.iida.lg.jp/site/jobcafe/jobcafeginza.html
site/jougesuido,飯田市上下水道局,https://www.city.iida.lg.jp/site/jougesuido/
site/kansa,監査委員事務局 - 飯田市ホームページ,https://www.city.iida.lg.jp/site/kansa/
site/kenchiku/kakuninsinsei.html,建築確認申請の手続きについて - 建築に関すること - 飯田市ホームページ,https://www.city.iida.lg.jp/site/kenchiku/kakuninsinsei.html
site/kenko,歩こう動こうプラステン（＋10分） - 飯田市ホームページ,https://www.city.iida.lg.jp/site/kenko/
site/kenko/demaekenkoukouza.html,働く世代の皆さんへ　出前健康講座のご案内 - 飯田市ホームページ,https://www.city.iida.lg.jp/site/kenko/demaekenkoukouza.html
site/kosodate/kankume.html,こどもの居場所「感環KUMEハウス」を開所します - 飯田市子育て応援サイト - 飯田市ホームページ,https://www.city.iida.lg.jp/site/kosodate/kankume.html
site/kosodate/kodomonoyobousessyu.html,子どもの予防接種 - 飯田市子育て応援サイト - 飯田市ホームページ,https://www.city.iida.lg.jp/site/kosodate/kodomonoyobousessyu.html
site/kosodate/omothabako.html,飯田市子育てつどいの広場合同通信 「おもちゃばこ」のお知らせ - 飯田市子育て応援サイト - 飯田市ホームページ,https://www.city.iida.lg.jp/site/kosodate/omothabako.html
site/kosodate/passport3.html,ながの子育て家庭優待パスポート・多子世帯応援プレミアムパスポートをご活用ください - 飯田市子育て応援サイト - 飯田市ホームページ,https://www.city.iida.lg.jp/site/kosodate/passport3.html
site/kosodate/yobousessyutokubetu.html,骨髄移植等により免疫が消失したお子様に対して、再度の予防接種にかかる費用を補助します - 飯田市子育て応援サイト - 飯田市ホームページ,https://www.city.iida.lg.jp/site/kosodate/yobousessyutokubetu.html
site/kosodate/yui.html,ゆいきっず通信のお知らせ - 飯田市子育て応援サイト - 飯田市ホームページ,https://www.city.iida.lg.jp/site/kosodate/yui.html
site/kougyou/bizikon2025.html,令和７年度起業家ビジネスプランコンペの入賞者が決定しました - 飯田市の工業 - 飯田市ホームページ,https://www.city.iida.lg.jp/site/kougyou/bizikon2025.html
site/kougyou/kigyoujuutaku.html,企業人材確保住宅の入居者を募集します - 飯田市の工業 - 飯田市ホームページ,https://www.city.iida.lg.jp/site/kougyou/kigyoujuutaku.html
site/kougyou/nokid.html,株式会社ＮＯＫＩＤ様が飯田市へサテライトオフィスを開設しました - 飯田市の工業 - 飯田市ホームページ,https://www.city.iida.lg.jp/site/kougyou/nokid.html
site/kougyou/photo-iida.html,写真集「南信州・飯田」を販売しています - 飯田市の工業 - 飯田市ホームページ,https://www.city.iida.lg.jp/site/kougyou/photo-iida.html
site/mayor/press-conference-2026top.html,飯田市記者会見_2026年 - 市長の部屋 - 飯田市ホームページ,https://www.city.iida.lg.jp/site/mayor/press-conference-2026top.html
site/mynumber/cardmado.html,マイナンバーカード取扱窓口 - マイナンバー - 飯田市ホームページ,https://www.city.iida.lg.jp/site/mynumber/cardmado.html
site/mynumber/mainamenkyo.html,マイナ免許証をお持ちの方がマイナンバーカードの再発行申請をする際の注意点 - マイナンバー - 飯田市ホームページ,https://www.city.iida.lg.jp/site/mynumber/mainamenkyo.html
site/nbank/noutibankakinouti.html,空き農地情報のご案内 - 飯田市ホームページ,https://www.city.iida.lg.jp/site/nbank/noutibankakinouti.html
site/nyuusatsu,入札・契約情報 - 飯田市ホームページ,https://www.city.iida.lg.jp/site/nyuusatsu/
site/sakurasaku,さくらさく（南信州・飯田の桜開花情報） - 飯田市ホームページ,https://www.city.iida.lg.jp/site/sakurasaku/
site/sakurasaku/sakura-blog.html,桜ブログ - 飯田市ホームページ,https://www.city.iida.lg.jp/site/sakurasaku/sakura-blog.html
site/sports/60sohuto.html,信州飯田60歳以上ソフトボール大会 - スポーツ関連情報 - 飯田市ホームページ,https://www.city.iida.lg.jp/site/sports/60sohuto.html
site/sports/gekireikinn.html,スポーツの全国大会出場に激励金を交付します - スポーツ関連情報 - 飯田市ホームページ,https://www.city.iida.lg.jp/site/sports/gekireikinn.html
site/sports/tenryuukyou.html,秋晴れの天龍峡で11月の月いちウオーキングを開催しました - スポーツ関連情報 - 飯田市ホームページ,https://www.city.iida.lg.jp/site/sports/tenryuukyou.html
site/sports/tozan.html,【中止のお知らせ】第71回風越山トレイルマラソン大会 - スポーツ関連情報 - 飯田市ホームページ,https://www.city.iida.lg.jp/site/sports/tozan.html
site/sports/tukiiti.html,爽やかな大平宿で8月の月いちウオーキングを開催しました - スポーツ関連情報 - 飯田市ホームページ,https://www.city.iida.lg.jp/site/sports/tukiiti.html
site/sports/tukiiti6.html,6月の月いちウオーキングを開催します - スポーツ関連情報 - 飯田市ホームページ,https://www.city.iida.lg.jp/site/sports/tukiiti6.html
site/sports/walking.html,市内ウオーキングイベント情報 - スポーツ関連情報 - 飯田市ホームページ,https://www.city.iida.lg.jp/site/sports/walking.html
site/sports/yamabiko39.html,第40回飯田やまびこマーチ - スポーツ関連情報 - 飯田市ホームページ,https://www.city.iida.lg.jp/site/sports/yamabiko39.html
site/syokuiku,いいだ食育 - 飯田市ホームページ,https://www.city.iida.lg.jp/site/syokuiku/
site/userguide,トップページの概要 - 飯田市ホームページ,https://www.city.iida.lg.jp/site/userguide/
site/userguide/foreign.html,外国語への対応 - はじめての方へ - 飯田市ホームページ,https://www.city.iida.lg.jp/site/userguide/foreign.html
site/userguide/keyword.html,キーワードでさがす方法 - はじめての方へ - 飯田市ホームページ,https://www.city.iida.lg.jp/site/userguide/keyword.html
site/yuiturn/iidashinousonkigyouka.html,飯田市農村起業家育成スクール - 飯田市移住ポータルサイト - 飯田市ホームページ,https://www.city.iida.lg.jp/site/yuiturn/iidashinousonkigyouka.html
site/yuiturn/inakakurashi-bestranking.html,「2026年版　第14回住みたい田舎ベストランキング」人口別　総合部門で第1位にランクインしました！ - 飯田市移住ポータルサイト - 飯田市ホームページ,https://www.city.iida.lg.jp/site/yuiturn/inakakurashi-bestranking.html
site/yuiturn/kyuzinhyou.html,求人情報提供のお願い（地元企業の皆様へ） - 飯田市移住ポータルサイト - 飯田市ホームページ,https://www.city.iida.lg.jp/site/yuiturn/kyuzinhyou.html
sitemap.html,サイトマップ - 飯田市ホームページ,https://www.city.iida.lg.jp/sitemap.html
soshiki,組織でさがす - 飯田市ホームページ,https://www.city.iida.lg.jp/soshiki/
soshiki/1,人事課 - 飯田市ホームページ,https://www.city.iida.lg.jp/soshiki/1/
soshiki/1/soshikihenkou.html,令和7年4月から市役所の組織を変更します - 飯田市ホームページ,https://www.city.iida.lg.jp/soshiki/1/soshikihenkou.html
soshiki/1/syokubakengakutyuusi.html,飯田市役所の職場見学を希望される方へ - 飯田市ホームページ,https://www.city.iida.lg.jp/soshiki/1/syokubakengakutyuusi.html
soshiki/1/syokuinbosyuzyouhoumatomesiritubyouin.html,職員募集関連情報【飯田市役所・飯田市立病院】 - 飯田市ホームページ,https://www.city.iida.lg.jp/soshiki/1/syokuinbosyuzyouhoumatomesiritubyouin.html
soshiki/10,リニア推進課 - 飯田市ホームページ,https://www.city.iida.lg.jp/soshiki/10/
soshiki/10.html,危機管理部 - 飯田市ホームページ,https://www.city.iida.lg.jp/soshiki/10.html
soshiki/106,市立動物園 - 飯田市ホームページ,https://www.city.iida.lg.jp/soshiki/106/
soshiki/11,福祉課 - 飯田市ホームページ,https://www.city.iida.lg.jp/soshiki/11/
soshiki/11.html,教育委員会 - 飯田市ホームページ,https://www.city.iida.lg.jp/soshiki/11.html
soshiki/11/01fukushiyuusyou.html,令和7年度第3回福祉有償運送運営協議会を開催しました - 飯田市ホームページ,https://www.city.iida.lg.jp/soshiki/11/01fukushiyuusyou.html
soshiki/11/kyouhokuminjikyou.html,橋北地区民生児童委員協議会が紹介されました - 飯田市ホームページ,https://www.city.iida.lg.jp/soshiki/11/kyouhokuminjikyou.html
soshiki/11/minseijidouiin.html,民生児童委員について - 飯田市ホームページ,https://www.city.iida.lg.jp/soshiki/11/minseijidouiin.html
soshiki/11/minseijidouiinkaisen-.html,民生委員・児童委員が改選されました - 飯田市ホームページ,https://www.city.iida.lg.jp/soshiki/11/minseijidouiinkaisen-.html
soshiki/11/sa-bisu.html,障害福祉サービス - 飯田市ホームページ,https://www.city.iida.lg.jp/soshiki/11/sa-bisu.html
soshiki/11/seikatuhogo.html,生活保護制度 - 飯田市ホームページ,https://www.city.iida.lg.jp/soshiki/11/seikatuhogo.html
soshiki/11/syougaijituusyo.html,障害児通所サービス - 飯田市ホームページ,https://www.city.iida.lg.jp/soshiki/11/syougaijituusyo.html
soshiki/11/syuwahousiinn.html,令和8年度　手話奉仕員養成講座を開催します - 飯田市ホームページ,https://www.city.iida.lg.jp/soshiki/11/syuwahousiinn.html
soshiki/11/tiikiseikatu.html,地域生活支援給付事業 - 飯田市ホームページ,https://www.city.iida.lg.jp/soshiki/11/tiikiseikatu.html
soshiki/12,保育家庭課 - 飯田市ホームページ,https://www.city.iida.lg.jp/soshiki/12/
soshiki/12.html,市議会 - 飯田市ホームページ,https://www.city.iida.lg.jp/soshiki/12.html
soshiki/13,企画課 - 飯田市ホームページ,https://www.city.iida.lg.jp/soshiki/13/
soshiki/13.html,選挙管理委員会 - 飯田市ホームページ,https://www.city.iida.lg.jp/soshiki/13.html
soshiki/13/iidamiraidezain.html,「いいだ未来デザイン2028」（飯田市総合計画）について - 飯田市ホームページ,https://www.city.iida.lg.jp/soshiki/13/iidamiraidezain.html
soshiki/13/sdgs.html,SDGsへの取り組み - 飯田市ホームページ,https://www.city.iida.lg.jp/soshiki/13/sdgs.html
soshiki/135,橋北公民館 - 飯田市ホームページ,https://www.city.iida.lg.jp/soshiki/135/
soshiki/136,橋南公民館 - 飯田市ホームページ,https://www.city.iida.lg.jp/soshiki/136/
soshiki/137,羽場公民館 - 飯田市ホームページ,https://www.city.iida.lg.jp/soshiki/137/
soshiki/138,丸山公民館 - 飯田市ホームページ,https://www.city.iida.lg.jp/soshiki/138/
soshiki/139,東野公民館 - 飯田市ホームページ,https://www.city.iida.lg.jp/soshiki/139/
soshiki/14,長寿支援課 - 飯田市ホームページ,https://www.city.iida.lg.jp/soshiki/14/
soshiki/14.html,監査委員 - 飯田市ホームページ,https://www.city.iida.lg.jp/soshiki/14.html
soshiki/14/20260220syuudannsidou.html,令和7年度　介護サービス事業所集団指導の資料 - 飯田市ホームページ,https://www.city.iida.lg.jp/soshiki/14/20260220syuudannsidou.html
soshiki/14/20260319renrakukai.html,令和8年3月の介護保険事業者連絡会について - 飯田市ホームページ,https://www.city.iida.lg.jp/soshiki/14/20260319renrakukai.html
soshiki/14/26chouju-ichiran-201602.html,介護保険事業者一覧表（令和8年3月1日現在） - 飯田市ホームページ,https://www.city.iida.lg.jp/soshiki/14/26chouju-ichiran-201602.html
soshiki/14/gyakutaibousi.html,高齢者虐待をみんなで防ぎましょう　　　　 - 飯田市ホームページ,https://www.city.iida.lg.jp/soshiki/14/gyakutaibousi.html
soshiki/14/kagomoshitate.html,介護給付費及び介護予防・日常生活支援総合事業費に係る過誤申立の依頼について - 飯田市ホームページ,https://www.city.iida.lg.jp/soshiki/14/kagomoshitate.html
soshiki/14/ninti2.html,認知症キャラバン・メイトの皆さんへ　（認知症サポーター養成講座） - 飯田市ホームページ,https://www.city.iida.lg.jp/soshiki/14/ninti2.html
soshiki/14/r803renrakukai.html,令和7年度3月介護保険事業者連絡会の資料 - 飯田市ホームページ,https://www.city.iida.lg.jp/soshiki/14/r803renrakukai.html
soshiki/140,座光寺公民館 - 飯田市ホームページ,https://www.city.iida.lg.jp/soshiki/140/
soshiki/141,松尾公民館 - 飯田市ホームページ,https://www.city.iida.lg.jp/soshiki/141/
soshiki/142,下久堅公民館 - 飯田市ホームページ,https://www.city.iida.lg.jp/soshiki/142/
soshiki/143,上久堅公民館 - 飯田市ホームページ,https://www.city.iida.lg.jp/soshiki/143/
soshiki/144,千代公民館 - 飯田市ホームページ,https://www.city.iida.lg.jp/soshiki/144/
soshiki/145,龍江公民館 - 飯田市ホームページ,https://www.city.iida.lg.jp/soshiki/145/
soshiki/146,竜丘公民館 - 飯田市ホームページ,https://www.city.iida.lg.jp/soshiki/146/
soshiki/147,川路公民館 - 飯田市ホームページ,https://www.city.iida.lg.jp/soshiki/147/
soshiki/148,三穂公民館 - 飯田市ホームページ,https://www.city.iida.lg.jp/soshiki/148/
soshiki/149,山本公民館 - 飯田市ホームページ,https://www.city.iida.lg.jp/soshiki/149/
soshiki/15,保健課 - 飯田市ホームページ,https://www.city.iida.lg.jp/soshiki/15/
soshiki/15.html,農業委員会 - 飯田市ホームページ,https://www.city.iida.lg.jp/soshiki/15.html
soshiki/15/kyuuzitsuyakan.html,休日・夜間の医療について - 飯田市ホームページ,https://www.city.iida.lg.jp/soshiki/15/kyuuzitsuyakan.html
soshiki/150,伊賀良公民館 - 飯田市ホームページ,https://www.city.iida.lg.jp/soshiki/150/
soshiki/151,鼎公民館 - 飯田市ホームページ,https://www.city.iida.lg.jp/soshiki/151/
soshiki/152,上郷公民館 - 飯田市ホームページ,https://www.city.iida.lg.jp/soshiki/152/
soshiki/153,上村公民館 - 飯田市ホームページ,https://www.city.iida.lg.jp/soshiki/153/
soshiki/154,南信濃公民館 - 飯田市ホームページ,https://www.city.iida.lg.jp/soshiki/154/
soshiki/155,勤労青少年ホーム - 飯田市ホームページ,https://www.city.iida.lg.jp/soshiki/155/
soshiki/156,介護老人保健施設「ゆうゆう」 - 飯田市ホームページ,https://www.city.iida.lg.jp/soshiki/156/
soshiki/157,下水浄化センター - 飯田市ホームページ,https://www.city.iida.lg.jp/soshiki/157/
soshiki/16,経営管理課 - 飯田市ホームページ,https://www.city.iida.lg.jp/soshiki/16/
soshiki/16.html,会計管理者 - 飯田市ホームページ,https://www.city.iida.lg.jp/soshiki/16.html
soshiki/160,広報ブランド推進課 - 飯田市ホームページ,https://www.city.iida.lg.jp/soshiki/160/
soshiki/160/dougacontest2c.html,第2回飯田市PR動画コンテストの結果を発表します - 飯田市ホームページ,https://www.city.iida.lg.jp/soshiki/160/dougacontest2c.html
soshiki/160/exclusion.html,免責事項 - 飯田市ホームページ,https://www.city.iida.lg.jp/soshiki/160/exclusion.html
soshiki/160/iidanoiine.html,飯田の魅力を教えて「イイダのイイネ！」 - 飯田市ホームページ,https://www.city.iida.lg.jp/soshiki/160/iidanoiine.html
soshiki/160/iidashilinetopi.html,LINEで飯田市の情報をお届けしています - 飯田市ホームページ,https://www.city.iida.lg.jp/soshiki/160/iidashilinetopi.html
soshiki/160/iidayakinikupictogram.html,「飯田焼肉ピクトグラム」を使って「焼肉の街・飯田市」を発信してみませんか - 飯田市ホームページ,https://www.city.iida.lg.jp/soshiki/160/iidayakinikupictogram.html
soshiki/160/kouhouiidaheisei11.html,広報いいだ　1999年（平成11年）4月1日号～2000年（平成12年）3月15日号 - 飯田市ホームページ,https://www.city.iida.lg.jp/soshiki/160/kouhouiidaheisei11.html
soshiki/160/kouhouiidaheisei12.html,広報いいだ　2000年（平成12年）4月1日号～2001年（平成13年）3月15日号 - 飯田市ホームページ,https://www.city.iida.lg.jp/soshiki/160/kouhouiidaheisei12.html
soshiki/160/kouhouiidaheisei13.html,広報いいだ　2001年（平成13年）4月1日号～2002年（平成14年）3月15日号 - 飯田市ホームページ,https://www.city.iida.lg.jp/soshiki/160/kouhouiidaheisei13.html
soshiki/160/kouhouiidaheisei14.html,広報いいだ　2002年（平成14年）4月1日号～2003年（平成15年）3月15日号 - 飯田市ホームページ,https://www.city.iida.lg.jp/soshiki/160/kouhouiidaheisei14.html
soshiki/160/kouhouiidaheisei15.html,広報いいだ　2003年（平成15年）4月1日号～2004年（平成16年）3月15日号 - 飯田市ホームページ,https://www.city.iida.lg.jp/soshiki/160/kouhouiidaheisei15.html
soshiki/160/kouhouiidaheisei16.html,広報いいだ　2004年（平成16年）4月1日号～2005年（平成17年）3月15日号 - 飯田市ホームページ,https://www.city.iida.lg.jp/soshiki/160/kouhouiidaheisei16.html
soshiki/160/kouhouiidaheisei17.html,広報いいだ　2005年（平成17年）4月1日号～2006年（平成18年）3月15日号 - 飯田市ホームページ,https://www.city.iida.lg.jp/soshiki/160/kouhouiidaheisei17.html
soshiki/160/kouhouiidaheisei18.html,広報いいだ　2006年（平成18年）4月1日号～2007年（平成19年）3月15日号 - 飯田市ホームページ,https://www.city.iida.lg.jp/soshiki/160/kouhouiidaheisei18.html
soshiki/160/kouhouiidaheisei19.html,広報いいだ　2007年（平成19年）4月1日号～2008年（平成20年）3月15日号 - 飯田市ホームページ,https://www.city.iida.lg.jp/soshiki/160/kouhouiidaheisei19.html
soshiki/160/kouhouiidaheisei20.html,広報いいだ　2008年（平成20年）4月1日号～2009年（平成21年）3月15日号 - 飯田市ホームページ,https://www.city.iida.lg.jp/soshiki/160/kouhouiidaheisei20.html
soshiki/160/kouhouiidaheisei21.html,広報いいだ　2009年（平成21年）4月1日号～2010年（平成22年）3月15日号 - 飯田市ホームページ,https://www.city.iida.lg.jp/soshiki/160/kouhouiidaheisei21.html
soshiki/160/kouhouiidaheisei22.html,広報いいだ　2010年（平成22年）4月1日号～2011年（平成23年）3月15日号 - 飯田市ホームページ,https://www.city.iida.lg.jp/soshiki/160/kouhouiidaheisei22.html
soshiki/160/kouhouiidaheisei23.html,広報いいだ　2011年（平成23年）4月1日号～2012年（平成24年）3月15日号 - 飯田市ホームページ,https://www.city.iida.lg.jp/soshiki/160/kouhouiidaheisei23.html
soshiki/160/kouhouiidaheisei24.html,広報いいだ　2012年（平成24年）4月1日号～2013年（平成25年）3月15日号 - 飯田市ホームページ,https://www.city.iida.lg.jp/soshiki/160/kouhouiidaheisei24.html
soshiki/160/kouhouiidaheisei25.html,広報いいだ　2013年（平成25年）4月1日号～2014年（平成26年）3月15日号 - 飯田市ホームページ,https://www.city.iida.lg.jp/soshiki/160/kouhouiidaheisei25.html
soshiki/160/kouhouiidaheisei26.html,広報いいだ　2014年（平成26年）4月1日号～2015年（平成27年）3月15日号 - 飯田市ホームページ,https://www.city.iida.lg.jp/soshiki/160/kouhouiidaheisei26.html
soshiki/160/kouhouiidaheisei27.html,広報いいだ　2015年（平成27年）4月1日号～2016年（平成28年）3月15日号 - 飯田市ホームページ,https://www.city.iida.lg.jp/soshiki/160/kouhouiidaheisei27.html
soshiki/160/kouhouiidaheisei28.html,広報いいだ　2016年（平成28年）4月1日号～2017年（平成29年）3月15日号 - 飯田市ホームページ,https://www.city.iida.lg.jp/soshiki/160/kouhouiidaheisei28.html
soshiki/160/kouhouiidaheisei29.html,広報いいだ　2017年（平成29年）4月1日号～2018年（平成30年）3月15日号 - 飯田市ホームページ,https://www.city.iida.lg.jp/soshiki/160/kouhouiidaheisei29.html
soshiki/160/kouhouiidaheisei30.html,広報いいだ　2018年（平成30年）4月1日号～2019年（平成31年）3月15日号 - 飯田市ホームページ,https://www.city.iida.lg.jp/soshiki/160/kouhouiidaheisei30.html
soshiki/160/kouhouiidareiwa1.html,広報いいだ　2019年（平成31年）4月1日号～2020年（令和2年）3月15日号 - 飯田市ホームページ,https://www.city.iida.lg.jp/soshiki/160/kouhouiidareiwa1.html
soshiki/160/kouhouiidareiwa2.html,広報いいだ　2020年（令和2年）4月1日号～2021年（令和3年）3月15日号 - 飯田市ホームページ,https://www.city.iida.lg.jp/soshiki/160/kouhouiidareiwa2.html
soshiki/160/kouhouiidareiwa3.html,広報いいだ　2021年（令和3年）4月1日号～2022年（令和4年）3月号 - 飯田市ホームページ,https://www.city.iida.lg.jp/soshiki/160/kouhouiidareiwa3.html
soshiki/160/kouhouiidareiwa4.html,広報いいだ　令和4年（2022年）4月号～令和5年（2023年）3月号 - 飯田市ホームページ,https://www.city.iida.lg.jp/soshiki/160/kouhouiidareiwa4.html
soshiki/160/kouhouiidareiwa5.html,広報いいだ　令和5年（2023年）4月号～令和6年（2024年）3月号 - 飯田市ホームページ,https://www.city.iida.lg.jp/soshiki/160/kouhouiidareiwa5.html
soshiki/160/kouhouiidareiwa6.html,広報いいだ　令和6年（2024年）4月号～令和7年（2025年）3月号 - 飯田市ホームページ,https://www.city.iida.lg.jp/soshiki/160/kouhouiidareiwa6.html
soshiki/160/kouhouiidareiwa7.html,広報いいだ　令和7年（2025年）4月号～ - 飯田市ホームページ,https://www.city.iida.lg.jp/soshiki/160/kouhouiidareiwa7.html
soshiki/160/kouhoukoukoku.html,「広報いいだ」に広告を掲載しませんか - 飯田市ホームページ,https://www.city.iida.lg.jp/soshiki/160/kouhoukoukoku.html
soshiki/160/koukokukeisai.html,ウェブサイト広告掲載のご案内 - 飯田市ホームページ,https://www.city.iida.lg.jp/soshiki/160/koukokukeisai.html
soshiki/160/koutsuuaccess.html,飯田市への交通アクセス - 飯田市ホームページ,https://www.city.iida.lg.jp/soshiki/160/koutsuuaccess.html
soshiki/160/list-hayabikimenu.html,早引きメニュー - 飯田市ホームページ,https://www.city.iida.lg.jp/soshiki/160/list-hayabikimenu.html
soshiki/160/list-specialsite.html,特設サイト一覧 - 飯田市ホームページ,https://www.city.iida.lg.jp/soshiki/160/list-specialsite.html
soshiki/160/privacy.html,個人情報の保護 - 飯田市ホームページ,https://www.city.iida.lg.jp/soshiki/160/privacy.html
soshiki/160/shoukaimovie.html,飯田市の紹介ムービー - 飯田市ホームページ,https://www.city.iida.lg.jp/soshiki/160/shoukaimovie.html
soshiki/160/social-account1.html,SNS公式アカウント一覧（飯田市関連） - 飯田市ホームページ,https://www.city.iida.lg.jp/soshiki/160/social-account1.html
soshiki/160/teigen0.html,市政への提言「やらまいか提言」 - 飯田市ホームページ,https://www.city.iida.lg.jp/soshiki/160/teigen0.html
soshiki/162,リニア整備課 - 飯田市ホームページ,https://www.city.iida.lg.jp/soshiki/162/
soshiki/163,リニア用地課 - 飯田市ホームページ,https://www.city.iida.lg.jp/soshiki/163/
soshiki/165,結いターン移住定住推進課 - 飯田市ホームページ,https://www.city.iida.lg.jp/soshiki/165/
soshiki/168,デジタル推進課 - 飯田市ホームページ,https://www.city.iida.lg.jp/soshiki/168/
soshiki/168/opendata.html,飯田市オープンデータライブラリ - 飯田市ホームページ,https://www.city.iida.lg.jp/soshiki/168/opendata.html
soshiki/169,大学誘致連携推進室 - 飯田市ホームページ,https://www.city.iida.lg.jp/soshiki/169/
soshiki/17,水道課 - 飯田市ホームページ,https://www.city.iida.lg.jp/soshiki/17/
soshiki/17.html,市立病院 - 飯田市ホームページ,https://www.city.iida.lg.jp/soshiki/17.html
soshiki/170,遠山郷観光振興室 - 飯田市ホームページ,https://www.city.iida.lg.jp/soshiki/170/
soshiki/170/mitinoeki-tohyamago.html,道の駅「遠山郷」グランドオープンしました - 飯田市ホームページ,https://www.city.iida.lg.jp/soshiki/170/mitinoeki-tohyamago.html
soshiki/170/too-yama-sakuramatsuri2026.html,遠山郷イベント情報　【遠山さくらまつり】を開催します - 飯田市ホームページ,https://www.city.iida.lg.jp/soshiki/170/too-yama-sakuramatsuri2026.html
soshiki/171,維持管理課 - 飯田市ホームページ,https://www.city.iida.lg.jp/soshiki/171/
soshiki/171/sidou.html,市道関係の申請 - 飯田市ホームページ,https://www.city.iida.lg.jp/soshiki/171/sidou.html
soshiki/173,こども課 - 飯田市ホームページ,https://www.city.iida.lg.jp/soshiki/173/
soshiki/173/himawari01.html,飯田市こども発達センターひまわり - 飯田市ホームページ,https://www.city.iida.lg.jp/soshiki/173/himawari01.html
soshiki/175,ツーリズム振興室 - 飯田市ホームページ,https://www.city.iida.lg.jp/soshiki/175/
soshiki/175/navi.html,飯田市･南信州の観光情報はこちら - 飯田市ホームページ,https://www.city.iida.lg.jp/soshiki/175/navi.html
soshiki/176,教育政策課 - 飯田市ホームページ,https://www.city.iida.lg.jp/soshiki/176/
soshiki/176/gakkouarikatashingikai.html,令和7年度　第4回飯田市これからの学校のあり方審議会を開催します - 飯田市ホームページ,https://www.city.iida.lg.jp/soshiki/176/gakkouarikatashingikai.html
soshiki/176/school-reorganization.html,学校再編の取組について - 飯田市ホームページ,https://www.city.iida.lg.jp/soshiki/176/school-reorganization.html
soshiki/177,教育センター - 飯田市ホームページ,https://www.city.iida.lg.jp/soshiki/177/
soshiki/178,地域医療部 - 飯田市ホームページ,https://www.city.iida.lg.jp/soshiki/178/
soshiki/18,下水道課 - 飯田市ホームページ,https://www.city.iida.lg.jp/soshiki/18/
soshiki/19,環境課 - 飯田市ホームページ,https://www.city.iida.lg.jp/soshiki/19/
soshiki/19.html,市民協働環境部（自治振興センター） - 飯田市ホームページ,https://www.city.iida.lg.jp/soshiki/19.html
soshiki/19/doubutsushitaikaisyuu.html,公衆道路等の動物死体回収について - 飯田市ホームページ,https://www.city.iida.lg.jp/soshiki/19/doubutsushitaikaisyuu.html
soshiki/19/kankyouadviserbosyuu0607.html,飯田市環境アドバイザーの募集について - 飯田市ホームページ,https://www.city.iida.lg.jp/soshiki/19/kankyouadviserbosyuu0607.html
soshiki/19/kankyouchekka-boshuu17.html,飯田市環境チェッカーを募集します！ - 飯田市ホームページ,https://www.city.iida.lg.jp/soshiki/19/kankyouchekka-boshuu17.html
soshiki/19/kankyousokuteikekka.html,飯田市における各種環境測定結果について - 飯田市ホームページ,https://www.city.iida.lg.jp/soshiki/19/kankyousokuteikekka.html
soshiki/19/taikikansoku-aozoragou.html,あおぞら号大気観測結果について - 飯田市ホームページ,https://www.city.iida.lg.jp/soshiki/19/taikikansoku-aozoragou.html
soshiki/2,財政課 - 飯田市ホームページ,https://www.city.iida.lg.jp/soshiki/2/
soshiki/2.html,総務部 - 飯田市ホームページ,https://www.city.iida.lg.jp/soshiki/2.html
soshiki/2/iidasidensinyuusatunyuusatuzyouhousutatopeizi.html,飯田市電子入札・入札情報システムスタートページ（建設工事・建設コンサルタント業務） - 飯田市ホームページ,https://www.city.iida.lg.jp/soshiki/2/iidasidensinyuusatunyuusatuzyouhousutatopeizi.html
soshiki/2/koujihiuchiwakesyohenomeiji.html,工事費内訳書の労務費等の明示について - 飯田市ホームページ,https://www.city.iida.lg.jp/soshiki/2/koujihiuchiwakesyohenomeiji.html
soshiki/20,ゼロカーボンシティ推進課 - 飯田市ホームページ,https://www.city.iida.lg.jp/soshiki/20/
soshiki/20.html,福祉部（福祉企業センター） - 飯田市ホームページ,https://www.city.iida.lg.jp/soshiki/20.html
soshiki/20/gurumituushinbacknumber.html,ぐるみ通信バックナンバー - 飯田市ホームページ,https://www.city.iida.lg.jp/soshiki/20/gurumituushinbacknumber.html
soshiki/21,産業振興課 - 飯田市ホームページ,https://www.city.iida.lg.jp/soshiki/21/
soshiki/21.html,こども未来健康部（保育園・幼稚園） - 飯田市ホームページ,https://www.city.iida.lg.jp/soshiki/21.html
soshiki/21/kinyuu12-covid19.html,セーフティネット保証の認定 - 飯田市ホームページ,https://www.city.iida.lg.jp/soshiki/21/kinyuu12-covid19.html
soshiki/21/rousei004.html,中小企業退職金共済事業補助金制度 - 飯田市ホームページ,https://www.city.iida.lg.jp/soshiki/21/rousei004.html
soshiki/21/siensenta.html,働き方改革に関することは「長野働き方改革推進支援センター」へご相談ください - 飯田市ホームページ,https://www.city.iida.lg.jp/soshiki/21/siensenta.html
soshiki/22,農業課 - 飯田市ホームページ,https://www.city.iida.lg.jp/soshiki/22/
soshiki/22/iyokuarunougyousyahojyo.html,農業施設・機械の導入を支援します（意欲ある農業者支援事業） - 飯田市ホームページ,https://www.city.iida.lg.jp/soshiki/22/iyokuarunougyousyahojyo.html
soshiki/22/kyofutaisaku.html,強風に備えた農業用施設等の管理について - 飯田市ホームページ,https://www.city.iida.lg.jp/soshiki/22/kyofutaisaku.html
soshiki/22/ninsyo.html,みやまし農産物認証（飯田市環境に配慮した農産物地域相互認証制度）について - 飯田市ホームページ,https://www.city.iida.lg.jp/soshiki/22/ninsyo.html
soshiki/23,林務課 - 飯田市ホームページ,https://www.city.iida.lg.jp/soshiki/23/
soshiki/23.html,教育委員会（公民館） - 飯田市ホームページ,https://www.city.iida.lg.jp/soshiki/23.html
soshiki/25,商業観光課 - 飯田市ホームページ,https://www.city.iida.lg.jp/soshiki/25/
soshiki/25.html,教育委員会（小学校） - 飯田市ホームページ,https://www.city.iida.lg.jp/soshiki/25.html
soshiki/25/akitenpo-shop-open.html,「まちなか創業空き店舗活用事業補助金」を活用して開業した店舗を紹介します - 飯田市ホームページ,https://www.city.iida.lg.jp/soshiki/25/akitenpo-shop-open.html
soshiki/25/akitenpokatuyou.html,（受付終了）「まちなか創業空き店舗活用事業」補助金のご案内 - 飯田市ホームページ,https://www.city.iida.lg.jp/soshiki/25/akitenpokatuyou.html
soshiki/25/kankoupv.html,飯田市観光プロモーション映像をご活用ください - 飯田市ホームページ,https://www.city.iida.lg.jp/soshiki/25/kankoupv.html
soshiki/25/sanpo2026-spring.html,2026春の特別企画「丘の上さんぽラリー」を開催します - 飯田市ホームページ,https://www.city.iida.lg.jp/soshiki/25/sanpo2026-spring.html
soshiki/25/shouhinken-2026.html,【物価高騰対策】みんなの生活応援商品券を配布します - 飯田市ホームページ,https://www.city.iida.lg.jp/soshiki/25/shouhinken-2026.html
soshiki/26,工業課 - 飯田市ホームページ,https://www.city.iida.lg.jp/soshiki/26/
soshiki/26.html,教育委員会（中学校） - 飯田市ホームページ,https://www.city.iida.lg.jp/soshiki/26.html
soshiki/26/kigyoubanfurusatonouzei.html,企業版ふるさと納税による寄附及び信州大学航空機システム共同研究講座コンソーシアムへの寄附をいただきました - 飯田市ホームページ,https://www.city.iida.lg.jp/soshiki/26/kigyoubanfurusatonouzei.html
soshiki/26/shindaikonso.html,信州大学航空機システム共同研究講座の運営を支援するコンソーシアムの会員募集について - 飯田市ホームページ,https://www.city.iida.lg.jp/soshiki/26/shindaikonso.html
soshiki/26/tokutei.html,特定創業支援事業の支援を受けたことの証明書の発行について - 飯田市ホームページ,https://www.city.iida.lg.jp/soshiki/26/tokutei.html
soshiki/27.html,市民協働環境部 - 飯田市ホームページ,https://www.city.iida.lg.jp/soshiki/27.html
soshiki/28,建設総務課 - 飯田市ホームページ,https://www.city.iida.lg.jp/soshiki/28/
soshiki/28.html,こども未来健康部 - 飯田市ホームページ,https://www.city.iida.lg.jp/soshiki/28.html
soshiki/29,地域計画課 - 飯田市ホームページ,https://www.city.iida.lg.jp/soshiki/29/
soshiki/29/chiiki-joureikaisei2512.html,飯田市地区計画の区域内における建築物の制限に関する条例の一部を改正しました - 飯田市ホームページ,https://www.city.iida.lg.jp/soshiki/29/chiiki-joureikaisei2512.html
soshiki/29/koukoku.html,屋外広告物に関すること - 飯田市ホームページ,https://www.city.iida.lg.jp/soshiki/29/koukoku.html
soshiki/29/tikukeikaku.html,竜丘地区計画及び川路地区計画について - 飯田市ホームページ,https://www.city.iida.lg.jp/soshiki/29/tikukeikaku.html
soshiki/3,税務課 - 飯田市ホームページ,https://www.city.iida.lg.jp/soshiki/3/
soshiki/3.html,企画部 - 飯田市ホームページ,https://www.city.iida.lg.jp/soshiki/3.html
soshiki/3/kotei-shokyaku-saiene.html,再生可能エネルギー発電設備に係る課税標準の特例について - 飯田市ホームページ,https://www.city.iida.lg.jp/soshiki/3/kotei-shokyaku-saiene.html
soshiki/3/min-30zeimusho.html,税務署からのお知らせ（税務署でのご相談は事前予約制です） - 飯田市ホームページ,https://www.city.iida.lg.jp/soshiki/3/min-30zeimusho.html
soshiki/3/min-h30kyuyotokuchotettei.html,【事業主の皆様へ】長野県内一斉に市県民税（個人住民税）の給与からの特別徴収を徹底しています - 飯田市ホームページ,https://www.city.iida.lg.jp/soshiki/3/min-h30kyuyotokuchotettei.html
soshiki/3/min-kyuhoteishutsu.html,【事業主の皆様へ】令和8年度（令和7年分）給与支払報告書の提出をお願いします - 飯田市ホームページ,https://www.city.iida.lg.jp/soshiki/3/min-kyuhoteishutsu.html
soshiki/3/syoukyaku-sentan-15-43.html,先端設備等に係る課税標準の特例（令和7年4月1日以降に取得した資産） - 飯田市ホームページ,https://www.city.iida.lg.jp/soshiki/3/syoukyaku-sentan-15-43.html
soshiki/3/syoukyaku-sentan-15.html,先端設備等に係る課税標準の特例（令和5年4月1日から令和7年3月31日までに取得した資産） - 飯田市ホームページ,https://www.city.iida.lg.jp/soshiki/3/syoukyaku-sentan-15.html
soshiki/3/syoukyaku-sentan.html,先端設備等に係る課税標準の特例（令和5年3月31日以前に取得した資産） - 飯田市ホームページ,https://www.city.iida.lg.jp/soshiki/3/syoukyaku-sentan.html
soshiki/3/syoukyaku-sinkoku.html,償却資産（固定資産税）について - 飯田市ホームページ,https://www.city.iida.lg.jp/soshiki/3/syoukyaku-sinkoku.html
soshiki/30,土木課 - 飯田市ホームページ,https://www.city.iida.lg.jp/soshiki/30/
soshiki/31,国県関連事業課 - 飯田市ホームページ,https://www.city.iida.lg.jp/soshiki/31/
soshiki/32,秘書課 - 飯田市ホームページ,https://www.city.iida.lg.jp/soshiki/32/
soshiki/35,危機管理課 - 飯田市ホームページ,https://www.city.iida.lg.jp/soshiki/35/
soshiki/36,文化財保護活用課 - 飯田市ホームページ,https://www.city.iida.lg.jp/soshiki/36/
soshiki/37,学校教育課 - 飯田市ホームページ,https://www.city.iida.lg.jp/soshiki/37/
soshiki/37/tyubokouji.html,公募型指名競争入札参加者の募集（(仮称)西部共同調理場建設 厨房機器工事） - 飯田市ホームページ,https://www.city.iida.lg.jp/soshiki/37/tyubokouji.html
soshiki/38,生涯学習・スポーツ課 - 飯田市ホームページ,https://www.city.iida.lg.jp/soshiki/38/
soshiki/38/newsportsfes.html,ニュースポーツフェスティバルを開催します - 飯田市ホームページ,https://www.city.iida.lg.jp/soshiki/38/newsportsfes.html
soshiki/39,歴史研究所 - 飯田市ホームページ,https://www.city.iida.lg.jp/soshiki/39/
soshiki/4,納税課 - 飯田市ホームページ,https://www.city.iida.lg.jp/soshiki/4/
soshiki/4.html,リニア推進部 - 飯田市ホームページ,https://www.city.iida.lg.jp/soshiki/4.html
soshiki/40,飯田市公民館 - 飯田市ホームページ,https://www.city.iida.lg.jp/soshiki/40/
soshiki/41,飯田文化会館 - 飯田市ホームページ,https://www.city.iida.lg.jp/soshiki/41/
soshiki/42,中央図書館 - 飯田市ホームページ,https://www.city.iida.lg.jp/soshiki/42/
soshiki/43,美術博物館 - 飯田市ホームページ,https://www.city.iida.lg.jp/soshiki/43/
soshiki/44,市立病院 - 飯田市ホームページ,https://www.city.iida.lg.jp/soshiki/44/
soshiki/45,会計課 - 飯田市ホームページ,https://www.city.iida.lg.jp/soshiki/45/
soshiki/46,選挙管理委員会事務局 - 飯田市ホームページ,https://www.city.iida.lg.jp/soshiki/46/
soshiki/48,農業委員会事務局 - 飯田市ホームページ,https://www.city.iida.lg.jp/soshiki/48/
soshiki/48/noutihoukankeisyorui.html,令和8年度農地法関係申請書類の締切日 - 飯田市ホームページ,https://www.city.iida.lg.jp/soshiki/48/noutihoukankeisyorui.html
soshiki/48/noutisoudan.html,4月農地相談開催のお知らせ - 飯田市ホームページ,https://www.city.iida.lg.jp/soshiki/48/noutisoudan.html
soshiki/49,市議会事務局 - 飯田市ホームページ,https://www.city.iida.lg.jp/soshiki/49/
soshiki/5,市民課 - 飯田市ホームページ,https://www.city.iida.lg.jp/soshiki/5/
soshiki/5.html,福祉部 - 飯田市ホームページ,https://www.city.iida.lg.jp/soshiki/5.html
soshiki/5/danjo049.html,夜間・土曜日の証明書発行窓口 - 飯田市ホームページ,https://www.city.iida.lg.jp/soshiki/5/danjo049.html
soshiki/51,橋北自治振興センター - 飯田市ホームページ,https://www.city.iida.lg.jp/soshiki/51/
soshiki/52,橋南自治振興センター - 飯田市ホームページ,https://www.city.iida.lg.jp/soshiki/52/
soshiki/53,羽場自治振興センター - 飯田市ホームページ,https://www.city.iida.lg.jp/soshiki/53/
soshiki/54,丸山自治振興センター - 飯田市ホームページ,https://www.city.iida.lg.jp/soshiki/54/
soshiki/55,東野自治振興センター - 飯田市ホームページ,https://www.city.iida.lg.jp/soshiki/55/
soshiki/56,座光寺自治振興センター - 飯田市ホームページ,https://www.city.iida.lg.jp/soshiki/56/
soshiki/57,松尾自治振興センター - 飯田市ホームページ,https://www.city.iida.lg.jp/soshiki/57/
soshiki/58,下久堅自治振興センター - 飯田市ホームページ,https://www.city.iida.lg.jp/soshiki/58/
soshiki/59,上久堅自治振興センター - 飯田市ホームページ,https://www.city.iida.lg.jp/soshiki/59/
soshiki/6,地域自治振興課 - 飯田市ホームページ,https://www.city.iida.lg.jp/soshiki/6/
soshiki/6.html,上下水道局 - 飯田市ホームページ,https://www.city.iida.lg.jp/soshiki/6.html
soshiki/6/tetsuduki.html,自治振興センターのご案内 - 飯田市ホームページ,https://www.city.iida.lg.jp/soshiki/6/tetsuduki.html
soshiki/60,千代自治振興センター - 飯田市ホームページ,https://www.city.iida.lg.jp/soshiki/60/
soshiki/61,龍江自治振興センター - 飯田市ホームページ,https://www.city.iida.lg.jp/soshiki/61/
soshiki/62,竜丘自治振興センター - 飯田市ホームページ,https://www.city.iida.lg.jp/soshiki/62/
soshiki/63,川路自治振興センター - 飯田市ホームページ,https://www.city.iida.lg.jp/soshiki/63/
soshiki/64,三穂自治振興センター - 飯田市ホームページ,https://www.city.iida.lg.jp/soshiki/64/
soshiki/65,山本自治振興センター - 飯田市ホームページ,https://www.city.iida.lg.jp/soshiki/65/
soshiki/66,伊賀良自治振興センター - 飯田市ホームページ,https://www.city.iida.lg.jp/soshiki/66/
soshiki/67,鼎自治振興センター - 飯田市ホームページ,https://www.city.iida.lg.jp/soshiki/67/
soshiki/68,上郷自治振興センター - 飯田市ホームページ,https://www.city.iida.lg.jp/soshiki/68/
soshiki/69,上村自治振興センター - 飯田市ホームページ,https://www.city.iida.lg.jp/soshiki/69/
soshiki/7.html,産業経済部 - 飯田市ホームページ,https://www.city.iida.lg.jp/soshiki/7.html
soshiki/70,南信濃自治振興センター - 飯田市ホームページ,https://www.city.iida.lg.jp/soshiki/70/
soshiki/72,今宮福祉企業センター - 飯田市ホームページ,https://www.city.iida.lg.jp/soshiki/72/
soshiki/73,上久堅福祉企業センター - 飯田市ホームページ,https://www.city.iida.lg.jp/soshiki/73/
soshiki/74,鼎福祉企業センター - 飯田市ホームページ,https://www.city.iida.lg.jp/soshiki/74/
soshiki/75,上郷福祉企業センター - 飯田市ホームページ,https://www.city.iida.lg.jp/soshiki/75/
soshiki/76,上村福祉企業センター - 飯田市ホームページ,https://www.city.iida.lg.jp/soshiki/76/
soshiki/77,南信濃福祉企業センター - 飯田市ホームページ,https://www.city.iida.lg.jp/soshiki/77/
soshiki/79,丸山保育園 - 飯田市ホームページ,https://www.city.iida.lg.jp/soshiki/79/
soshiki/8,総務文書課 - 飯田市ホームページ,https://www.city.iida.lg.jp/soshiki/8/
soshiki/8.html,建設部 - 飯田市ホームページ,https://www.city.iida.lg.jp/soshiki/8.html
soshiki/8/atm.html,市役所内にATM(現金自動預け払い機)はありますか？ - 飯田市ホームページ,https://www.city.iida.lg.jp/soshiki/8/atm.html
soshiki/8/baiten.html,市役所内に売店はありますか？ - 飯田市ホームページ,https://www.city.iida.lg.jp/soshiki/8/baiten.html
soshiki/8/barrier-free.html,市役所内は車イスでも移動できますか？ - 飯田市ホームページ,https://www.city.iida.lg.jp/soshiki/8/barrier-free.html
soshiki/8/bus-stop.html,市役所の近くにバス停はありますか？ - 飯田市ホームページ,https://www.city.iida.lg.jp/soshiki/8/bus-stop.html
soshiki/8/cityhallguide.html,飯田市役所のご案内 - 飯田市ホームページ,https://www.city.iida.lg.jp/soshiki/8/cityhallguide.html
soshiki/8/copy2.html,市役所内にコピーができるところはありますか？ - 飯田市ホームページ,https://www.city.iida.lg.jp/soshiki/8/copy2.html
soshiki/8/junyuu.html,市役所内に授乳できるところはありますか？ - 飯田市ホームページ,https://www.city.iida.lg.jp/soshiki/8/junyuu.html
soshiki/8/kissa-shokudou.html,市役所内で休憩できる場所はありますか？ - 飯田市ホームページ,https://www.city.iida.lg.jp/soshiki/8/kissa-shokudou.html
soshiki/8/koushuudenwa.html,市役所内に公衆電話はありますか？ - 飯田市ホームページ,https://www.city.iida.lg.jp/soshiki/8/koushuudenwa.html
soshiki/8/parking001.html,市役所に駐車場はありますか？ - 飯田市ホームページ,https://www.city.iida.lg.jp/soshiki/8/parking001.html
soshiki/8/r8keizai-katudoutyousa.html,R8経済センサス‐活動調査にご協力ください - 飯田市ホームページ,https://www.city.iida.lg.jp/soshiki/8/r8keizai-katudoutyousa.html
soshiki/8/ringomadoguchi.html,飯田市地域交流センター（りんご庁舎）　行政窓口の案内 - 飯田市ホームページ,https://www.city.iida.lg.jp/soshiki/8/ringomadoguchi.html
soshiki/80,座光寺保育園 - 飯田市ホームページ,https://www.city.iida.lg.jp/soshiki/80/
soshiki/82,下久堅保育園 - 飯田市ホームページ,https://www.city.iida.lg.jp/soshiki/82/
soshiki/83,上久堅保育園 - 飯田市ホームページ,https://www.city.iida.lg.jp/soshiki/83/
soshiki/84,龍江保育園 - 飯田市ホームページ,https://www.city.iida.lg.jp/soshiki/84/
soshiki/85,竜丘保育園 - 飯田市ホームページ,https://www.city.iida.lg.jp/soshiki/85/
soshiki/86,川路保育園 - 飯田市ホームページ,https://www.city.iida.lg.jp/soshiki/86/
soshiki/87,三穂保育園 - 飯田市ホームページ,https://www.city.iida.lg.jp/soshiki/87/
soshiki/88,山本保育園 - 飯田市ホームページ,https://www.city.iida.lg.jp/soshiki/88/
soshiki/89,中村保育園 - 飯田市ホームページ,https://www.city.iida.lg.jp/soshiki/89/
soshiki/9,共生・協働推進課 - 飯田市ホームページ,https://www.city.iida.lg.jp/soshiki/9/
soshiki/90,殿岡保育園 - 飯田市ホームページ,https://www.city.iida.lg.jp/soshiki/90/
soshiki/92,鼎みつば保育園 - 飯田市ホームページ,https://www.city.iida.lg.jp/soshiki/92/
soshiki/94,上郷西保育園 - 飯田市ホームページ,https://www.city.iida.lg.jp/soshiki/94/
soshiki/97,上村保育園 - 飯田市ホームページ,https://www.city.iida.lg.jp/soshiki/97/
soshiki/98,和田保育園 - 飯田市ホームページ,https://www.city.iida.lg.jp/soshiki/98/
soshiki/99,こども発達センターひまわり - 飯田市ホームページ,https://www.city.iida.lg.jp/soshiki/99/
soshiki/index-50.html,組織でさがす - 飯田市ホームページ,https://www.city.iida.lg.jp/soshiki/index-50.html
soshiki/list1-1.html,新着更新情報 - 飯田市ホームページ,https://www.city.iida.lg.jp/soshiki/list1-1.html
soshiki/list6-1.html,トピックス - 飯田市ホームページ,https://www.city.iida.lg.jp/soshiki/list6-1.html
